name,email,password,cedula
Carlos Sanchez,carlossanchez@example.com,password123,1020304050
Laura Mendez,lauramendez@example.com,password456,2030405060
Pedro Gomez,pedrogomez@example.com,password789,3040506070
Ana Torres,anatorres@example.com,password321,4050607080
Luis Martinez,luismartinez@example.com,password654,5060708090
Jorge Ramirez,jorgeramirez@example.com,password111,7080901020
Valeria Rojas,valeriarojas@example.com,password222,8090102030
Fernando Perez,fernandoperez@example.com,password333,9010203040
Gabriela Castillo,gabrielacastillo@example.com,password444,1020304056
